ticker,fiscal_year,query_used,url,status,text_path,char_count,error,fetched_at_utc
MICROSOFT (MSFT),2020,,,skipped_existing,data\raw\earnings\motley_fool_transcripts\MICROSOFT (MSFT)\FY2020.txt,56884,Transcript already exists; skipped re-scraping.,2026-04-13T00:27:47.722835+00:00
MICROSOFT (MSFT),2021,,,skipped_existing,data\raw\earnings\motley_fool_transcripts\MICROSOFT (MSFT)\FY2021.txt,56585,Transcript already exists; skipped re-scraping.,2026-04-13T00:27:47.723550+00:00
MICROSOFT (MSFT),2022,,,skipped_existing,data\raw\earnings\motley_fool_transcripts\MICROSOFT (MSFT)\FY2022.txt,58359,Transcript already exists; skipped re-scraping.,2026-04-13T00:27:47.724081+00:00
MICROSOFT (MSFT),2023,MICROSOFT (MSFT) FY23 earnings call transcript motley fool,https://www.fool.com/earnings/call-transcripts/2023/07/25/microsoft-msft-q4-2023-earnings-call-transcript/,ok,data\raw\earnings\motley_fool_transcripts\MICROSOFT (MSFT)\FY2023.txt,61546,,2026-04-13T00:27:47.724388+00:00
MICROSOFT (MSFT),2024,,,skipped_existing,data\raw\earnings\motley_fool_transcripts\MICROSOFT (MSFT)\FY2024.txt,57090,Transcript already exists; skipped re-scraping.,2026-04-13T00:28:49.702312+00:00
MICROSOFT (MSFT),2025,MICROSOFT (MSFT) FY25 earnings call transcript motley fool,https://www.fool.com/earnings/call-transcripts/2025/08/05/microsoft-msft-q4-2025-earnings-call-transcript/,ok,data\raw\earnings\motley_fool_transcripts\MICROSOFT (MSFT)\FY2025.txt,49870,,2026-04-13T00:28:49.703229+00:00
NVIDIA (NVDA),2020,,,skipped_existing,data\raw\earnings\motley_fool_transcripts\NVIDIA (NVDA)\FY2020.txt,54197,Transcript already exists; skipped re-scraping.,2026-04-13T00:32:00.936146+00:00
NVIDIA (NVDA),2021,,,skipped_existing,data\raw\earnings\motley_fool_transcripts\NVIDIA (NVDA)\FY2021.txt,53594,Transcript already exists; skipped re-scraping.,2026-04-13T00:32:00.938898+00:00
NVIDIA (NVDA),2022,,,skipped_existing,data\raw\earnings\motley_fool_transcripts\NVIDIA (NVDA)\FY2022.txt,50994,Transcript already exists; skipped re-scraping.,2026-04-13T00:32:00.939331+00:00
NVIDIA (NVDA),2023,,,skipped_existing,data\raw\earnings\motley_fool_transcripts\NVIDIA (NVDA)\FY2023.txt,50685,Transcript already exists; skipped re-scraping.,2026-04-13T00:32:00.939914+00:00
NVIDIA (NVDA),2024,,,skipped_existing,data\raw\earnings\motley_fool_transcripts\NVIDIA (NVDA)\FY2024.txt,65658,Transcript already exists; skipped re-scraping.,2026-04-13T00:32:00.940092+00:00
NVIDIA (NVDA),2025,,,skipped_existing,data\raw\earnings\motley_fool_transcripts\NVIDIA (NVDA)\FY2025.txt,49565,Transcript already exists; skipped re-scraping.,2026-04-13T00:32:00.940580+00:00
RTX (RTX),2020,,,skipped_existing,data\raw\earnings\motley_fool_transcripts\RTX (RTX)\FY2020.txt,57978,Transcript already exists; skipped re-scraping.,2026-04-13T00:32:00.940816+00:00
RTX (RTX),2021,,,skipped_existing,data\raw\earnings\motley_fool_transcripts\RTX (RTX)\FY2021.txt,58940,Transcript already exists; skipped re-scraping.,2026-04-13T00:32:00.941385+00:00
RTX (RTX),2022,,,skipped_existing,data\raw\earnings\motley_fool_transcripts\RTX (RTX)\FY2022.txt,63665,Transcript already exists; skipped re-scraping.,2026-04-13T00:32:00.941685+00:00
RTX (RTX),2023,,,skipped_existing,data\raw\earnings\motley_fool_transcripts\RTX (RTX)\FY2023.txt,63529,Transcript already exists; skipped re-scraping.,2026-04-13T00:32:00.941924+00:00
RTX (RTX),2024,,,skipped_existing,data\raw\earnings\motley_fool_transcripts\RTX (RTX)\FY2024.txt,62474,Transcript already exists; skipped re-scraping.,2026-04-13T00:32:00.942255+00:00
RTX (RTX),2025,,,skipped_existing,data\raw\earnings\motley_fool_transcripts\RTX (RTX)\FY2025.txt,58015,Transcript already exists; skipped re-scraping.,2026-04-13T00:32:00.942431+00:00
AT&T (T),2020,,,skipped_existing,data\raw\earnings\motley_fool_transcripts\AT&T (T)\FY2020.txt,68842,Transcript already exists; skipped re-scraping.,2026-04-13T00:32:00.942595+00:00
AT&T (T),2021,,,skipped_existing,data\raw\earnings\motley_fool_transcripts\AT&T (T)\FY2021.txt,63914,Transcript already exists; skipped re-scraping.,2026-04-13T00:32:00.943220+00:00
AT&T (T),2022,,,skipped_existing,data\raw\earnings\motley_fool_transcripts\AT&T (T)\FY2022.txt,68206,Transcript already exists; skipped re-scraping.,2026-04-13T00:32:00.943379+00:00
AT&T (T),2023,,,skipped_existing,data\raw\earnings\motley_fool_transcripts\AT&T (T)\FY2023.txt,60132,Transcript already exists; skipped re-scraping.,2026-04-13T00:32:00.943556+00:00
AT&T (T),2024,,,skipped_existing,data\raw\earnings\motley_fool_transcripts\AT&T (T)\FY2024.txt,60428,Transcript already exists; skipped re-scraping.,2026-04-13T00:32:00.943897+00:00
AT&T (T),2025,,,skipped_existing,data\raw\earnings\motley_fool_transcripts\AT&T (T)\FY2025.txt,66190,Transcript already exists; skipped re-scraping.,2026-04-13T00:32:00.944035+00:00
COSTCO (COST),2020,,,skipped_existing,data\raw\earnings\motley_fool_transcripts\COSTCO (COST)\FY2020.txt,83329,Transcript already exists; skipped re-scraping.,2026-04-13T00:32:00.944160+00:00
COSTCO (COST),2021,,,skipped_existing,data\raw\earnings\motley_fool_transcripts\COSTCO (COST)\FY2021.txt,55472,Transcript already exists; skipped re-scraping.,2026-04-13T00:32:00.944387+00:00
COSTCO (COST),2022,,,skipped_existing,data\raw\earnings\motley_fool_transcripts\COSTCO (COST)\FY2022.txt,60542,Transcript already exists; skipped re-scraping.,2026-04-13T00:32:00.944970+00:00
COSTCO (COST),2023,,,skipped_existing,data\raw\earnings\motley_fool_transcripts\COSTCO (COST)\FY2023.txt,62157,Transcript already exists; skipped re-scraping.,2026-04-13T00:32:00.945202+00:00
COSTCO (COST),2024,,,skipped_existing,data\raw\earnings\motley_fool_transcripts\COSTCO (COST)\FY2024.txt,60609,Transcript already exists; skipped re-scraping.,2026-04-13T00:32:00.946279+00:00
COSTCO (COST),2025,,,skipped_existing,data\raw\earnings\motley_fool_transcripts\COSTCO (COST)\FY2025.txt,64957,Transcript already exists; skipped re-scraping.,2026-04-13T00:32:00.946660+00:00
WALMART (WMT),2020,,,skipped_existing,data\raw\earnings\motley_fool_transcripts\WALMART (WMT)\FY2020.txt,191745,Transcript already exists; skipped re-scraping.,2026-04-13T00:32:00.946822+00:00
WALMART (WMT),2021,,,skipped_existing,data\raw\earnings\motley_fool_transcripts\WALMART (WMT)\FY2021.txt,180447,Transcript already exists; skipped re-scraping.,2026-04-13T00:32:00.947867+00:00
WALMART (WMT),2022,,,skipped_existing,data\raw\earnings\motley_fool_transcripts\WALMART (WMT)\FY2022.txt,65027,Transcript already exists; skipped re-scraping.,2026-04-13T00:32:00.948564+00:00
WALMART (WMT),2023,,,skipped_existing,data\raw\earnings\motley_fool_transcripts\WALMART (WMT)\FY2023.txt,76877,Transcript already exists; skipped re-scraping.,2026-04-13T00:32:00.948907+00:00
WALMART (WMT),2024,,,skipped_existing,data\raw\earnings\motley_fool_transcripts\WALMART (WMT)\FY2024.txt,65804,Transcript already exists; skipped re-scraping.,2026-04-13T00:32:00.949305+00:00
WALMART (WMT),2025,,,skipped_existing,data\raw\earnings\motley_fool_transcripts\WALMART (WMT)\FY2025.txt,66137,Transcript already exists; skipped re-scraping.,2026-04-13T00:32:00.949824+00:00
P&G (PG),2020,P&G (PG) FY20 earnings call transcript motley fool,https://www.fool.com/earnings/call-transcripts/2020/07/30/procter-gamble-co-pg-q4-2020-earnings-call-transcr.aspx,ok,data\raw\earnings\motley_fool_transcripts\P&G (PG)\FY2020.txt,62609,,2026-04-13T00:32:00.950072+00:00
P&G (PG),2021,P&G (PG) FY21 earnings call transcript motley fool,https://www.fool.com/earnings/call-transcripts/2021/07/30/the-procter-gamble-company-pg-q4-2021-earnings-cal/,ok,data\raw\earnings\motley_fool_transcripts\P&G (PG)\FY2021.txt,69201,,2026-04-13T00:32:45.157560+00:00
P&G (PG),2022,P&G (PG) FY22 earnings call transcript motley fool,https://www.fool.com/earnings/call-transcripts/2021/10/19/the-procter-gamble-company-pg-q1-2022-earnings-cal/,ok,data\raw\earnings\motley_fool_transcripts\P&G (PG)\FY2022.txt,56472,,2026-04-13T00:33:33.182619+00:00
P&G (PG),2023,P&G (PG) FY23 earnings call transcript motley fool,https://www.fool.com/earnings/call-transcripts/2026/01/22/pg-pg-q2-2026-earnings-call-transcript/,ok,data\raw\earnings\motley_fool_transcripts\P&G (PG)\FY2023.txt,70362,,2026-04-13T00:34:20.169909+00:00
P&G (PG),2024,P&G (PG) FY24 earnings call transcript motley fool,https://www.fool.com/earnings/call-transcripts/2026/01/26/ppg-ppg-q4-2024-earnings-call-transcript/,ok,data\raw\earnings\motley_fool_transcripts\P&G (PG)\FY2024.txt,58369,,2026-04-13T00:35:21.788853+00:00
P&G (PG),2025,P&G (PG) FY25 earnings call transcript motley fool,https://www.fool.com/earnings/call-transcripts/2026/02/12/pge-pcg-q4-2025-earnings-call-transcript/,ok,data\raw\earnings\motley_fool_transcripts\P&G (PG)\FY2025.txt,42395,,2026-04-13T00:36:02.052345+00:00
AMAZON (AMZN),2020,,,skipped_existing,data\raw\earnings\motley_fool_transcripts\AMAZON (AMZN)\FY2020.txt,40831,Transcript already exists; skipped re-scraping.,2026-04-13T00:36:15.581782+00:00
AMAZON (AMZN),2021,,,skipped_existing,data\raw\earnings\motley_fool_transcripts\AMAZON (AMZN)\FY2021.txt,41851,Transcript already exists; skipped re-scraping.,2026-04-13T00:36:15.582757+00:00
AMAZON (AMZN),2022,,,skipped_existing,data\raw\earnings\motley_fool_transcripts\AMAZON (AMZN)\FY2022.txt,45327,Transcript already exists; skipped re-scraping.,2026-04-13T00:36:15.582972+00:00
AMAZON (AMZN),2023,,,skipped_existing,data\raw\earnings\motley_fool_transcripts\AMAZON (AMZN)\FY2023.txt,55823,Transcript already exists; skipped re-scraping.,2026-04-13T00:36:15.583135+00:00
AMAZON (AMZN),2024,,,skipped_existing,data\raw\earnings\motley_fool_transcripts\AMAZON (AMZN)\FY2024.txt,51437,Transcript already exists; skipped re-scraping.,2026-04-13T00:36:15.583294+00:00
AMAZON (AMZN),2025,,,skipped_existing,data\raw\earnings\motley_fool_transcripts\AMAZON (AMZN)\FY2025.txt,55747,Transcript already exists; skipped re-scraping.,2026-04-13T00:36:15.583504+00:00
CRH PLC (CRH),2020,,,skipped_existing,data\raw\earnings\motley_fool_transcripts\CRH PLC (CRH)\FY2020.txt,82394,Transcript already exists; skipped re-scraping.,2026-04-13T00:36:15.583647+00:00
CRH PLC (CRH),2021,CRH PLC (CRH) FY21 earnings call transcript motley fool,https://www.fool.com/earnings/call-transcripts/2021/08/28/crh-plc-crh-q2-2021-earnings-call-transcript/,ok,data\raw\earnings\motley_fool_transcripts\CRH PLC (CRH)\FY2021.txt,66499,,2026-04-13T00:36:15.584240+00:00
CRH PLC (CRH),2022,CRH PLC (CRH) FY22 earnings call transcript motley fool,https://www.fool.com/earnings/call-transcripts/2021/08/28/crh-plc-crh-q2-2021-earnings-call-transcript/,ok,data\raw\earnings\motley_fool_transcripts\CRH PLC (CRH)\FY2022.txt,66499,,2026-04-13T00:37:19.609244+00:00
CRH PLC (CRH),2023,CRH PLC (CRH) FY23 earnings call transcript motley fool,https://www.fool.com/earnings/call-transcripts/2021/08/28/crh-plc-crh-q2-2021-earnings-call-transcript/,ok,data\raw\earnings\motley_fool_transcripts\CRH PLC (CRH)\FY2023.txt,66499,,2026-04-13T00:38:21.947715+00:00
CRH PLC (CRH),2024,CRH PLC (CRH) FY24 earnings call transcript motley fool,https://www.fool.com/earnings/call-transcripts/2021/08/28/crh-plc-crh-q2-2021-earnings-call-transcript/,ok,data\raw\earnings\motley_fool_transcripts\CRH PLC (CRH)\FY2024.txt,66499,,2026-04-13T00:39:24.154850+00:00
CRH PLC (CRH),2025,CRH PLC (CRH) FY25 earnings call transcript motley fool,https://www.fool.com/earnings/call-transcripts/2021/08/28/crh-plc-crh-q2-2021-earnings-call-transcript/,ok,data\raw\earnings\motley_fool_transcripts\CRH PLC (CRH)\FY2025.txt,66499,,2026-04-13T00:40:24.996390+00:00
VULCAN MATERIALS (VMC),2020,,,skipped_existing,data\raw\earnings\motley_fool_transcripts\VULCAN MATERIALS (VMC)\FY2020.txt,60325,Transcript already exists; skipped re-scraping.,2026-04-13T00:41:21.284437+00:00
VULCAN MATERIALS (VMC),2021,VULCAN MATERIALS (VMC) FY21 earnings call transcript motley fool,https://www.fool.com/earnings/call-transcripts/2021/08/04/vulcan-materials-company-vmc-q2-2021-earnings-call/,ok,data\raw\earnings\motley_fool_transcripts\VULCAN MATERIALS (VMC)\FY2021.txt,42924,,2026-04-13T00:41:21.285087+00:00
VULCAN MATERIALS (VMC),2022,VULCAN MATERIALS (VMC) FY22 earnings call transcript motley fool,https://www.fool.com/earnings/call-transcripts/2026/02/17/vulcan-materials-vmc-q4-2025-earnings-transcript/,ok,data\raw\earnings\motley_fool_transcripts\VULCAN MATERIALS (VMC)\FY2022.txt,45585,,2026-04-13T00:42:45.931300+00:00
VULCAN MATERIALS (VMC),2023,VULCAN MATERIALS (VMC) FY23 earnings call transcript motley fool,https://www.fool.com/earnings/call-transcripts/2025/10/30/vulcan-materials-vmc-q3-2025-earnings-transcript/,ok,data\raw\earnings\motley_fool_transcripts\VULCAN MATERIALS (VMC)\FY2023.txt,39477,,2026-04-13T00:43:35.217817+00:00
VULCAN MATERIALS (VMC),2024,VULCAN MATERIALS (VMC) FY24 earnings call transcript motley fool,https://www.fool.com/earnings/call-transcripts/2026/02/17/vulcan-materials-vmc-q4-2025-earnings-transcript/,ok,data\raw\earnings\motley_fool_transcripts\VULCAN MATERIALS (VMC)\FY2024.txt,45585,,2026-04-13T00:44:16.048335+00:00
VULCAN MATERIALS (VMC),2025,,,skipped_existing,data\raw\earnings\motley_fool_transcripts\VULCAN MATERIALS (VMC)\FY2025.txt,46229,Transcript already exists; skipped re-scraping.,2026-04-13T00:44:52.817984+00:00
DOW CHEMICAL  (DOW),2020,,,skipped_existing,data\raw\earnings\motley_fool_transcripts\DOW CHEMICAL  (DOW)\FY2020.txt,60268,Transcript already exists; skipped re-scraping.,2026-04-13T00:44:52.818771+00:00
DOW CHEMICAL  (DOW),2021,,,skipped_existing,data\raw\earnings\motley_fool_transcripts\DOW CHEMICAL  (DOW)\FY2021.txt,51362,Transcript already exists; skipped re-scraping.,2026-04-13T00:44:52.819367+00:00
DOW CHEMICAL  (DOW),2022,,,skipped_existing,data\raw\earnings\motley_fool_transcripts\DOW CHEMICAL  (DOW)\FY2022.txt,51125,Transcript already exists; skipped re-scraping.,2026-04-13T00:44:52.819580+00:00
DOW CHEMICAL  (DOW),2023,,,skipped_existing,data\raw\earnings\motley_fool_transcripts\DOW CHEMICAL  (DOW)\FY2023.txt,53165,Transcript already exists; skipped re-scraping.,2026-04-13T00:44:52.819750+00:00
DOW CHEMICAL  (DOW),2024,,,skipped_existing,data\raw\earnings\motley_fool_transcripts\DOW CHEMICAL  (DOW)\FY2024.txt,0,Transcript already exists; skipped re-scraping.,2026-04-13T00:44:52.819934+00:00
DOW CHEMICAL  (DOW),2025,DOW CHEMICAL  (DOW) FY25 earnings call transcript motley fool,https://www.fool.com/earnings/call-transcripts/2026/01/29/dow-dow-q4-2025-earnings-call-transcript/,ok,data\raw\earnings\motley_fool_transcripts\DOW CHEMICAL  (DOW)\FY2025.txt,57316,,2026-04-13T00:44:52.820188+00:00
DUPONT (DD),2020,,,skipped_existing,data\raw\earnings\motley_fool_transcripts\DUPONT (DD)\FY2020.txt,49502,Transcript already exists; skipped re-scraping.,2026-04-13T00:45:30.433721+00:00
DUPONT (DD),2021,,,skipped_existing,data\raw\earnings\motley_fool_transcripts\DUPONT (DD)\FY2021.txt,58152,Transcript already exists; skipped re-scraping.,2026-04-13T00:45:30.434532+00:00
DUPONT (DD),2022,,,skipped_existing,data\raw\earnings\motley_fool_transcripts\DUPONT (DD)\FY2022.txt,55279,Transcript already exists; skipped re-scraping.,2026-04-13T00:45:30.434807+00:00
DUPONT (DD),2023,,,skipped_existing,data\raw\earnings\motley_fool_transcripts\DUPONT (DD)\FY2023.txt,55200,Transcript already exists; skipped re-scraping.,2026-04-13T00:45:30.435030+00:00
DUPONT (DD),2024,,,skipped_existing,data\raw\earnings\motley_fool_transcripts\DUPONT (DD)\FY2024.txt,44078,Transcript already exists; skipped re-scraping.,2026-04-13T00:45:30.435359+00:00
DUPONT (DD),2025,,,skipped_existing,data\raw\earnings\motley_fool_transcripts\DUPONT (DD)\FY2025.txt,44468,Transcript already exists; skipped re-scraping.,2026-04-13T00:45:30.435584+00:00
ABBVIE (ABBV),2020,ABBVIE (ABBV) FY20 earnings call transcript motley fool,https://www.fool.com/earnings/call-transcripts/2021/02/03/abbvie-abbv-q4-2020-earnings-call-transcript/,ok,data\raw\earnings\motley_fool_transcripts\ABBVIE (ABBV)\FY2020.txt,82916,,2026-04-13T00:45:30.435888+00:00
ABBVIE (ABBV),2021,ABBVIE (ABBV) FY21 earnings call transcript motley fool,https://www.fool.com/earnings/call-transcripts/2022/02/03/abbvie-abbv-q4-2021-earnings-call-transcript/,ok,data\raw\earnings\motley_fool_transcripts\ABBVIE (ABBV)\FY2021.txt,82248,,2026-04-13T00:46:17.103010+00:00
ABBVIE (ABBV),2022,ABBVIE (ABBV) FY22 earnings call transcript motley fool,https://www.fool.com/earnings/call-transcripts/2023/02/09/abbvie-abbv-q4-2022-earnings-call-transcript/,ok,data\raw\earnings\motley_fool_transcripts\ABBVIE (ABBV)\FY2022.txt,98343,,2026-04-13T00:47:07.938733+00:00
ABBVIE (ABBV),2023,ABBVIE (ABBV) FY23 earnings call transcript motley fool,https://www.fool.com/earnings/call-transcripts/2024/02/02/abbvie-abbv-q4-2023-earnings-call-transcript/,ok,data\raw\earnings\motley_fool_transcripts\ABBVIE (ABBV)\FY2023.txt,80791,,2026-04-13T00:47:56.292327+00:00
ABBVIE (ABBV),2024,ABBVIE (ABBV) FY24 earnings call transcript motley fool,https://www.fool.com/earnings/call-transcripts/2025/01/31/abbvie-abbv-q4-2024-earnings-call-transcript/,ok,data\raw\earnings\motley_fool_transcripts\ABBVIE (ABBV)\FY2024.txt,76398,,2026-04-13T00:48:40.648544+00:00
ABBVIE (ABBV),2025,ABBVIE (ABBV) FY25 earnings call transcript motley fool,https://www.fool.com/earnings/call-transcripts/2026/02/04/abbvie-abbv-q4-2025-earnings-call-transcript/,ok,data\raw\earnings\motley_fool_transcripts\ABBVIE (ABBV)\FY2025.txt,68962,,2026-04-13T00:49:40.103600+00:00
PFIZER (PFE),2020,PFIZER (PFE) FY20 earnings call transcript motley fool,https://www.fool.com/earnings/call-transcripts/2021/02/02/pfizer-pfe-q4-2020-earnings-call-transcript/,ok,data\raw\earnings\motley_fool_transcripts\PFIZER (PFE)\FY2020.txt,82816,,2026-04-13T00:50:09.177501+00:00
PFIZER (PFE),2021,PFIZER (PFE) FY21 earnings call transcript motley fool,https://www.fool.com/earnings/call-transcripts/2022/02/08/pfizer-pfe-q4-2021-earnings-call-transcript/,ok,data\raw\earnings\motley_fool_transcripts\PFIZER (PFE)\FY2021.txt,104534,,2026-04-13T00:50:42.682900+00:00
PFIZER (PFE),2022,PFIZER (PFE) FY22 earnings call transcript motley fool,https://www.fool.com/earnings/call-transcripts/2023/01/31/pfizer-pfe-q4-2022-earnings-call-transcript/,ok,data\raw\earnings\motley_fool_transcripts\PFIZER (PFE)\FY2022.txt,81489,,2026-04-13T00:51:18.152772+00:00
PFIZER (PFE),2023,PFIZER (PFE) FY23 earnings call transcript motley fool,https://www.fool.com/earnings/call-transcripts/2024/01/30/pfizer-pfe-q4-2023-earnings-call-transcript/,ok,data\raw\earnings\motley_fool_transcripts\PFIZER (PFE)\FY2023.txt,80691,,2026-04-13T00:52:05.026955+00:00
PFIZER (PFE),2024,PFIZER (PFE) FY24 earnings call transcript motley fool,https://www.fool.com/earnings/call-transcripts/2026/02/05/pfizer-pfe-q4-2024-earnings-call-transcript/,ok,data\raw\earnings\motley_fool_transcripts\PFIZER (PFE)\FY2024.txt,65102,,2026-04-13T00:53:06.308035+00:00
PFIZER (PFE),2025,PFIZER (PFE) FY25 earnings call transcript motley fool,https://www.fool.com/earnings/call-transcripts/2026/02/03/pfizer-pfe-q4-2025-earnings-call-transcript/,ok,data\raw\earnings\motley_fool_transcripts\PFIZER (PFE)\FY2025.txt,67358,,2026-04-13T00:53:40.422398+00:00
JOHNSON&JOHNSON (JNJ),2020,JOHNSON&JOHNSON (JNJ) FY20 earnings call transcript motley fool,https://www.fool.com/earnings/call-transcripts/2021/01/26/johnson-johnson-jnj-q4-2020-earnings-call-transcri/,ok,data\raw\earnings\motley_fool_transcripts\JOHNSON&JOHNSON (JNJ)\FY2020.txt,79286,,2026-04-13T00:54:13.647357+00:00
JOHNSON&JOHNSON (JNJ),2021,JOHNSON&JOHNSON (JNJ) FY21 earnings call transcript motley fool,https://www.fool.com/earnings/call-transcripts/2022/01/25/johnson-johnson-jnj-q4-2021-earnings-call-transcri/,ok,data\raw\earnings\motley_fool_transcripts\JOHNSON&JOHNSON (JNJ)\FY2021.txt,77485,,2026-04-13T00:54:51.353199+00:00
JOHNSON&JOHNSON (JNJ),2022,JOHNSON&JOHNSON (JNJ) FY22 earnings call transcript motley fool,https://www.fool.com/earnings/call-transcripts/2023/01/24/johnson-johnson-jnj-q4-2022-earnings-call-transcri/,ok,data\raw\earnings\motley_fool_transcripts\JOHNSON&JOHNSON (JNJ)\FY2022.txt,60378,,2026-04-13T00:55:29.938126+00:00
JOHNSON&JOHNSON (JNJ),2023,JOHNSON&JOHNSON (JNJ) FY23 earnings call transcript motley fool,https://www.fool.com/earnings/call-transcripts/2024/01/23/johnson-johnson-jnj-q4-2023-earnings-call-transcri/,ok,data\raw\earnings\motley_fool_transcripts\JOHNSON&JOHNSON (JNJ)\FY2023.txt,60692,,2026-04-13T00:56:02.062921+00:00
JOHNSON&JOHNSON (JNJ),2024,JOHNSON&JOHNSON (JNJ) FY24 earnings call transcript motley fool,https://www.fool.com/earnings/call-transcripts/2025/01/22/johnson-johnson-jnj-q4-2024-earnings-call-transcri/,ok,data\raw\earnings\motley_fool_transcripts\JOHNSON&JOHNSON (JNJ)\FY2024.txt,65359,,2026-04-13T00:56:39.836774+00:00
JOHNSON&JOHNSON (JNJ),2025,JOHNSON&JOHNSON (JNJ) FY25 earnings call transcript motley fool,https://www.fool.com/earnings/call-transcripts/2025/07/16/johnson-johnson-q2-2025-earnings-call-transcript/,ok,data\raw\earnings\motley_fool_transcripts\JOHNSON&JOHNSON (JNJ)\FY2025.txt,36029,,2026-04-13T00:57:17.058924+00:00
UNITEDHEALTH GROUP (UNH),2020,UNITEDHEALTH GROUP (UNH) FY20 earnings call transcript motley fool,https://www.fool.com/earnings/call-transcripts/2021/01/20/unitedhealth-group-unh-q4-2020-earnings-call-trans/,ok,data\raw\earnings\motley_fool_transcripts\UNITEDHEALTH GROUP (UNH)\FY2020.txt,55233,,2026-04-13T00:57:41.099167+00:00
UNITEDHEALTH GROUP (UNH),2021,UNITEDHEALTH GROUP (UNH) FY21 earnings call transcript motley fool,https://www.fool.com/earnings/call-transcripts/2022/01/19/unitedhealth-group-unh-q4-2021-earnings-call-trans/,ok,data\raw\earnings\motley_fool_transcripts\UNITEDHEALTH GROUP (UNH)\FY2021.txt,49017,,2026-04-13T00:58:17.466350+00:00
UNITEDHEALTH GROUP (UNH),2022,UNITEDHEALTH GROUP (UNH) FY22 earnings call transcript motley fool,https://www.fool.com/earnings/call-transcripts/2023/01/13/unitedhealth-group-unh-q4-2022-earnings-call-trans/,ok,data\raw\earnings\motley_fool_transcripts\UNITEDHEALTH GROUP (UNH)\FY2022.txt,59528,,2026-04-13T00:58:57.576330+00:00
UNITEDHEALTH GROUP (UNH),2023,UNITEDHEALTH GROUP (UNH) FY23 earnings call transcript motley fool,https://www.fool.com/earnings/call-transcripts/2024/01/12/unitedhealth-group-unh-q4-2023-earnings-call-trans/,ok,data\raw\earnings\motley_fool_transcripts\UNITEDHEALTH GROUP (UNH)\FY2023.txt,59976,,2026-04-13T00:59:36.009860+00:00
UNITEDHEALTH GROUP (UNH),2024,UNITEDHEALTH GROUP (UNH) FY24 earnings call transcript motley fool,https://www.fool.com/earnings/call-transcripts/2025/01/16/unitedhealth-group-unh-q4-2024-earnings-call-trans/,ok,data\raw\earnings\motley_fool_transcripts\UNITEDHEALTH GROUP (UNH)\FY2024.txt,61968,,2026-04-13T01:00:14.160993+00:00
UNITEDHEALTH GROUP (UNH),2025,UNITEDHEALTH GROUP (UNH) FY25 earnings call transcript motley fool,https://www.fool.com/earnings/call-transcripts/2025/08/06/unitedhealth-unh-q2-2025-earnings-transcript/,ok,data\raw\earnings\motley_fool_transcripts\UNITEDHEALTH GROUP (UNH)\FY2025.txt,81634,,2026-04-13T01:00:50.904915+00:00
UNITED AIRLINES (UAL),2020,UNITED AIRLINES (UAL) FY20 earnings call transcript motley fool,https://www.fool.com/earnings/call-transcripts/2021/07/21/united-airlines-holdings-inc-ual-q2-2021-earnings/,ok,data\raw\earnings\motley_fool_transcripts\UNITED AIRLINES (UAL)\FY2020.txt,68507,,2026-04-13T01:01:31.896829+00:00
UNITED AIRLINES (UAL),2021,UNITED AIRLINES (UAL) FY21 earnings call transcript motley fool,https://www.fool.com/earnings/call-transcripts/2021/07/21/united-airlines-holdings-inc-ual-q2-2021-earnings/,ok,data\raw\earnings\motley_fool_transcripts\UNITED AIRLINES (UAL)\FY2021.txt,68507,,2026-04-13T01:02:19.728795+00:00
UNITED AIRLINES (UAL),2022,UNITED AIRLINES (UAL) FY22 earnings call transcript motley fool,https://www.fool.com/earnings/call-transcripts/2021/07/21/united-airlines-holdings-inc-ual-q2-2021-earnings/,ok,data\raw\earnings\motley_fool_transcripts\UNITED AIRLINES (UAL)\FY2022.txt,68507,,2026-04-13T01:02:55.068514+00:00
UNITED AIRLINES (UAL),2023,UNITED AIRLINES (UAL) FY23 earnings call transcript motley fool,https://www.fool.com/earnings/call-transcripts/2021/07/21/united-airlines-holdings-inc-ual-q2-2021-earnings/,ok,data\raw\earnings\motley_fool_transcripts\UNITED AIRLINES (UAL)\FY2023.txt,68507,,2026-04-13T01:03:31.652788+00:00
UNITED AIRLINES (UAL),2024,UNITED AIRLINES (UAL) FY24 earnings call transcript motley fool,https://www.fool.com/earnings/call-transcripts/2021/07/21/united-airlines-holdings-inc-ual-q2-2021-earnings/,ok,data\raw\earnings\motley_fool_transcripts\UNITED AIRLINES (UAL)\FY2024.txt,68507,,2026-04-13T01:04:07.203994+00:00
UNITED AIRLINES (UAL),2025,UNITED AIRLINES (UAL) FY25 earnings call transcript motley fool,https://www.fool.com/earnings/call-transcripts/2021/07/21/united-airlines-holdings-inc-ual-q2-2021-earnings/,ok,data\raw\earnings\motley_fool_transcripts\UNITED AIRLINES (UAL)\FY2025.txt,68507,,2026-04-13T01:04:50.516095+00:00
MSC (MSM),2020,MSC (MSM) FY20 earnings call transcript motley fool,https://www.fool.com/earnings/call-transcripts/2020/10/27/msc-industrial-direct-msm-q4-2020-earnings-call-tr/,ok,data\raw\earnings\motley_fool_transcripts\MSC (MSM)\FY2020.txt,57336,,2026-04-13T01:05:27.604680+00:00
MSC (MSM),2021,MSC (MSM) FY21 earnings call transcript motley fool,https://www.fool.com/earnings/call-transcripts/2021/04/07/msc-industrial-direct-msm-q2-2021-earnings-call-tr/,ok,data\raw\earnings\motley_fool_transcripts\MSC (MSM)\FY2021.txt,65582,,2026-04-13T01:06:07.813586+00:00
MSC (MSM),2022,MSC (MSM) FY22 earnings call transcript motley fool,https://www.fool.com/earnings/call-transcripts/2022/10/20/msc-industrial-direct-msm-q4-2022-earnings-call-tr/,ok,data\raw\earnings\motley_fool_transcripts\MSC (MSM)\FY2022.txt,45410,,2026-04-13T01:06:47.659290+00:00
MSC (MSM),2023,MSC (MSM) FY23 earnings call transcript motley fool,https://www.fool.com/earnings/call-transcripts/2023/10/25/msc-industrial-direct-msm-q4-2023-earnings-call-tr/,ok,data\raw\earnings\motley_fool_transcripts\MSC (MSM)\FY2023.txt,61623,,2026-04-13T01:07:19.624512+00:00
MSC (MSM),2024,MSC (MSM) FY24 earnings call transcript motley fool,https://www.fool.com/earnings/call-transcripts/2024/10/24/msc-industrial-direct-msm-q4-2024-earnings-call-tr/,ok,data\raw\earnings\motley_fool_transcripts\MSC (MSM)\FY2024.txt,55955,,2026-04-13T01:07:59.642698+00:00
MSC (MSM),2025,MSC (MSM) FY25 earnings call transcript motley fool,https://www.fool.com/earnings/call-transcripts/2025/05/28/monro-mnro-q4-2025-earnings-call-transcript/,ok,data\raw\earnings\motley_fool_transcripts\MSC (MSM)\FY2025.txt,35995,,2026-04-13T01:08:35.028606+00:00
UPS (UPS),2020,UPS (UPS) FY20 earnings call transcript motley fool,https://www.fool.com/earnings/call-transcripts/2021/02/02/united-parcel-service-ups-q4-2020-earnings-call-tr/,ok,data\raw\earnings\motley_fool_transcripts\UPS (UPS)\FY2020.txt,59333,,2026-04-13T01:09:00.133944+00:00
UPS (UPS),2021,UPS (UPS) FY21 earnings call transcript motley fool,https://www.fool.com/earnings/call-transcripts/2022/02/01/united-parcel-service-ups-q4-2021-earnings-call-tr/,ok,data\raw\earnings\motley_fool_transcripts\UPS (UPS)\FY2021.txt,57727,,2026-04-13T01:09:40.670418+00:00
UPS (UPS),2022,UPS (UPS) FY22 earnings call transcript motley fool,https://www.fool.com/earnings/call-transcripts/2023/01/31/united-parcel-service-ups-q4-2022-earnings-call-tr/,ok,data\raw\earnings\motley_fool_transcripts\UPS (UPS)\FY2022.txt,60787,,2026-04-13T01:10:21.215339+00:00
UPS (UPS),2023,UPS (UPS) FY23 earnings call transcript motley fool,https://www.fool.com/earnings/call-transcripts/2024/01/30/united-parcel-service-ups-q4-2023-earnings-call-tr/,ok,data\raw\earnings\motley_fool_transcripts\UPS (UPS)\FY2023.txt,55792,,2026-04-13T01:11:04.298304+00:00
UPS (UPS),2024,UPS (UPS) FY24 earnings call transcript motley fool,https://www.fool.com/earnings/call-transcripts/2026/01/26/ups-ups-q4-2024-earnings-call-transcript/,ok,data\raw\earnings\motley_fool_transcripts\UPS (UPS)\FY2024.txt,74186,,2026-04-13T01:11:42.488653+00:00
UPS (UPS),2025,UPS (UPS) FY25 earnings call transcript motley fool,https://www.fool.com/earnings/call-transcripts/2026/01/27/ups-ups-q4-2025-earnings-call-transcript/,ok,data\raw\earnings\motley_fool_transcripts\UPS (UPS)\FY2025.txt,60237,,2026-04-13T01:12:16.165310+00:00
EXXONMOBIL (XONE),2020,EXXONMOBIL (XONE) FY20 earnings call transcript motley fool,https://www.fool.com/earnings/call-transcripts/2021/02/02/exxonmobil-xom-q4-2020-earnings-call-transcript/,ok,data\raw\earnings\motley_fool_transcripts\EXXONMOBIL (XONE)\FY2020.txt,81110,,2026-04-13T01:12:45.412140+00:00
EXXONMOBIL (XONE),2021,EXXONMOBIL (XONE) FY21 earnings call transcript motley fool,https://www.fool.com/earnings/call-transcripts/2022/02/01/exxonmobil-xom-q4-2021-earnings-call-transcript/,ok,data\raw\earnings\motley_fool_transcripts\EXXONMOBIL (XONE)\FY2021.txt,60931,,2026-04-13T01:13:28.866245+00:00
EXXONMOBIL (XONE),2022,EXXONMOBIL (XONE) FY22 earnings call transcript motley fool,https://www.fool.com/earnings/call-transcripts/2023/01/31/exxon-mobil-xom-q4-2022-earnings-call-transcript/,ok,data\raw\earnings\motley_fool_transcripts\EXXONMOBIL (XONE)\FY2022.txt,61630,,2026-04-13T01:14:08.853915+00:00
EXXONMOBIL (XONE),2023,EXXONMOBIL (XONE) FY23 earnings call transcript motley fool,https://www.fool.com/earnings/call-transcripts/2024/02/02/exxonmobil-xom-q4-2023-earnings-call-transcript/,ok,data\raw\earnings\motley_fool_transcripts\EXXONMOBIL (XONE)\FY2023.txt,57770,,2026-04-13T01:14:49.749501+00:00
EXXONMOBIL (XONE),2024,EXXONMOBIL (XONE) FY24 earnings call transcript motley fool,https://www.fool.com/earnings/call-transcripts/2025/01/31/exxonmobil-xom-q4-2024-earnings-call-transcript/,ok,data\raw\earnings\motley_fool_transcripts\EXXONMOBIL (XONE)\FY2024.txt,59490,,2026-04-13T01:15:28.883769+00:00
EXXONMOBIL (XONE),2025,EXXONMOBIL (XONE) FY25 earnings call transcript motley fool,https://www.fool.com/earnings/call-transcripts/2026/01/30/exxon-mobil-xom-q4-2025-earnings-call-transcript/,ok,data\raw\earnings\motley_fool_transcripts\EXXONMOBIL (XONE)\FY2025.txt,56210,,2026-04-13T01:16:09.082176+00:00
CONSTELLATION ENERGY (CEG),2020,CONSTELLATION ENERGY (CEG) FY20 earnings call transcript motley fool,https://www.fool.com/earnings/call-transcripts/2020/04/03/constellation-brands-inc-stz-q4-2020-earnings-call.aspx,ok,data\raw\earnings\motley_fool_transcripts\CONSTELLATION ENERGY (CEG)\FY2020.txt,63407,,2026-04-13T01:16:45.643380+00:00
CONSTELLATION ENERGY (CEG),2021,CONSTELLATION ENERGY (CEG) FY21 earnings call transcript motley fool,https://www.fool.com/earnings/call-transcripts/2021/04/18/constellation-brands-stz-q4-2021-earnings-call-tra/,ok,data\raw\earnings\motley_fool_transcripts\CONSTELLATION ENERGY (CEG)\FY2021.txt,75330,,2026-04-13T01:17:17.896907+00:00
CONSTELLATION ENERGY (CEG),2022,CONSTELLATION ENERGY (CEG) FY22 earnings call transcript motley fool,https://www.fool.com/earnings/call-transcripts/2022/08/04/constellation-energy-corporation-ceg-q2-2022-earni/,ok,data\raw\earnings\motley_fool_transcripts\CONSTELLATION ENERGY (CEG)\FY2022.txt,49314,,2026-04-13T01:17:55.091704+00:00
CONSTELLATION ENERGY (CEG),2023,CONSTELLATION ENERGY (CEG) FY23 earnings call transcript motley fool,https://www.fool.com/earnings/call-transcripts/2022/08/04/constellation-energy-corporation-ceg-q2-2022-earni/,ok,data\raw\earnings\motley_fool_transcripts\CONSTELLATION ENERGY (CEG)\FY2023.txt,49314,,2026-04-13T01:18:29.565106+00:00
CONSTELLATION ENERGY (CEG),2024,CONSTELLATION ENERGY (CEG) FY24 earnings call transcript motley fool,https://www.fool.com/earnings/call-transcripts/2024/11/04/constellation-energy-ceg-q3-2024-earnings-call-tra/,ok,data\raw\earnings\motley_fool_transcripts\CONSTELLATION ENERGY (CEG)\FY2024.txt,49426,,2026-04-13T01:19:03.021523+00:00
CONSTELLATION ENERGY (CEG),2025,CONSTELLATION ENERGY (CEG) FY25 earnings call transcript motley fool,https://www.fool.com/earnings/call-transcripts/2024/11/04/constellation-energy-ceg-q3-2024-earnings-call-tra/,ok,data\raw\earnings\motley_fool_transcripts\CONSTELLATION ENERGY (CEG)\FY2025.txt,49426,,2026-04-13T01:19:41.617800+00:00
