date,series_id,series_name,value
2006-01-01,CPIAUCSL,CPI,199.3
2006-02-01,CPIAUCSL,CPI,199.4
2006-03-01,CPIAUCSL,CPI,199.7
2006-04-01,CPIAUCSL,CPI,200.7
2006-05-01,CPIAUCSL,CPI,201.3
2006-06-01,CPIAUCSL,CPI,201.8
2006-07-01,CPIAUCSL,CPI,202.9
2006-08-01,CPIAUCSL,CPI,203.8
2006-09-01,CPIAUCSL,CPI,202.8
2006-10-01,CPIAUCSL,CPI,201.9
2006-11-01,CPIAUCSL,CPI,202.0
2006-12-01,CPIAUCSL,CPI,203.1
2007-01-01,CPIAUCSL,CPI,203.437
2007-02-01,CPIAUCSL,CPI,204.226
2007-03-01,CPIAUCSL,CPI,205.288
2007-04-01,CPIAUCSL,CPI,205.904
2007-05-01,CPIAUCSL,CPI,206.755
2007-06-01,CPIAUCSL,CPI,207.234
2007-07-01,CPIAUCSL,CPI,207.603
2007-08-01,CPIAUCSL,CPI,207.667
2007-09-01,CPIAUCSL,CPI,208.547
2007-10-01,CPIAUCSL,CPI,209.19
2007-11-01,CPIAUCSL,CPI,210.834
2007-12-01,CPIAUCSL,CPI,211.445
2008-01-01,CPIAUCSL,CPI,212.174
2008-02-01,CPIAUCSL,CPI,212.687
2008-03-01,CPIAUCSL,CPI,213.448
2008-04-01,CPIAUCSL,CPI,213.942
2008-05-01,CPIAUCSL,CPI,215.208
2008-06-01,CPIAUCSL,CPI,217.463
2008-07-01,CPIAUCSL,CPI,219.016
2008-08-01,CPIAUCSL,CPI,218.69
2008-09-01,CPIAUCSL,CPI,218.877
2008-10-01,CPIAUCSL,CPI,216.995
2008-11-01,CPIAUCSL,CPI,213.153
2008-12-01,CPIAUCSL,CPI,211.398
2009-01-01,CPIAUCSL,CPI,211.933
2009-02-01,CPIAUCSL,CPI,212.705
2009-03-01,CPIAUCSL,CPI,212.495
2009-04-01,CPIAUCSL,CPI,212.709
2009-05-01,CPIAUCSL,CPI,213.022
2009-06-01,CPIAUCSL,CPI,214.79
2009-07-01,CPIAUCSL,CPI,214.726
2009-08-01,CPIAUCSL,CPI,215.445
2009-09-01,CPIAUCSL,CPI,215.861
2009-10-01,CPIAUCSL,CPI,216.509
2009-11-01,CPIAUCSL,CPI,217.234
2009-12-01,CPIAUCSL,CPI,217.347
2010-01-01,CPIAUCSL,CPI,217.488
2010-02-01,CPIAUCSL,CPI,217.281
2010-03-01,CPIAUCSL,CPI,217.353
2010-04-01,CPIAUCSL,CPI,217.403
2010-05-01,CPIAUCSL,CPI,217.29
2010-06-01,CPIAUCSL,CPI,217.199
2010-07-01,CPIAUCSL,CPI,217.605
2010-08-01,CPIAUCSL,CPI,217.923
2010-09-01,CPIAUCSL,CPI,218.275
2010-10-01,CPIAUCSL,CPI,219.035
2010-11-01,CPIAUCSL,CPI,219.59
2010-12-01,CPIAUCSL,CPI,220.472
2011-01-01,CPIAUCSL,CPI,221.187
2011-02-01,CPIAUCSL,CPI,221.898
2011-03-01,CPIAUCSL,CPI,223.046
2011-04-01,CPIAUCSL,CPI,224.093
2011-05-01,CPIAUCSL,CPI,224.806
2011-06-01,CPIAUCSL,CPI,224.806
2011-07-01,CPIAUCSL,CPI,225.395
2011-08-01,CPIAUCSL,CPI,226.106
2011-09-01,CPIAUCSL,CPI,226.597
2011-10-01,CPIAUCSL,CPI,226.75
2011-11-01,CPIAUCSL,CPI,227.169
2011-12-01,CPIAUCSL,CPI,227.223
2012-01-01,CPIAUCSL,CPI,227.842
2012-02-01,CPIAUCSL,CPI,228.329
2012-03-01,CPIAUCSL,CPI,228.807
2012-04-01,CPIAUCSL,CPI,229.187
2012-05-01,CPIAUCSL,CPI,228.713
2012-06-01,CPIAUCSL,CPI,228.524
2012-07-01,CPIAUCSL,CPI,228.59
2012-08-01,CPIAUCSL,CPI,229.918
2012-09-01,CPIAUCSL,CPI,231.015
2012-10-01,CPIAUCSL,CPI,231.638
2012-11-01,CPIAUCSL,CPI,231.249
2012-12-01,CPIAUCSL,CPI,231.221
2013-01-01,CPIAUCSL,CPI,231.679
2013-02-01,CPIAUCSL,CPI,232.937
2013-03-01,CPIAUCSL,CPI,232.282
2013-04-01,CPIAUCSL,CPI,231.797
2013-05-01,CPIAUCSL,CPI,231.893
2013-06-01,CPIAUCSL,CPI,232.445
2013-07-01,CPIAUCSL,CPI,232.9
2013-08-01,CPIAUCSL,CPI,233.456
2013-09-01,CPIAUCSL,CPI,233.544
2013-10-01,CPIAUCSL,CPI,233.669
2013-11-01,CPIAUCSL,CPI,234.1
2013-12-01,CPIAUCSL,CPI,234.719
2014-01-01,CPIAUCSL,CPI,235.288
2014-02-01,CPIAUCSL,CPI,235.547
2014-03-01,CPIAUCSL,CPI,236.028
2014-04-01,CPIAUCSL,CPI,236.468
2014-05-01,CPIAUCSL,CPI,236.918
2014-06-01,CPIAUCSL,CPI,237.231
2014-07-01,CPIAUCSL,CPI,237.498
2014-08-01,CPIAUCSL,CPI,237.46
2014-09-01,CPIAUCSL,CPI,237.477
2014-10-01,CPIAUCSL,CPI,237.43
2014-11-01,CPIAUCSL,CPI,236.983
2014-12-01,CPIAUCSL,CPI,236.252
2015-01-01,CPIAUCSL,CPI,234.747
2015-02-01,CPIAUCSL,CPI,235.342
2015-03-01,CPIAUCSL,CPI,235.976
2015-04-01,CPIAUCSL,CPI,236.222
2015-05-01,CPIAUCSL,CPI,237.001
2015-06-01,CPIAUCSL,CPI,237.657
2015-07-01,CPIAUCSL,CPI,238.034
2015-08-01,CPIAUCSL,CPI,238.033
2015-09-01,CPIAUCSL,CPI,237.498
2015-10-01,CPIAUCSL,CPI,237.733
2015-11-01,CPIAUCSL,CPI,238.017
2015-12-01,CPIAUCSL,CPI,237.761
2016-01-01,CPIAUCSL,CPI,237.652
2016-02-01,CPIAUCSL,CPI,237.336
2016-03-01,CPIAUCSL,CPI,238.08
2016-04-01,CPIAUCSL,CPI,238.992
2016-05-01,CPIAUCSL,CPI,239.557
2016-06-01,CPIAUCSL,CPI,240.222
2016-07-01,CPIAUCSL,CPI,240.101
2016-08-01,CPIAUCSL,CPI,240.545
2016-09-01,CPIAUCSL,CPI,241.176
2016-10-01,CPIAUCSL,CPI,241.741
2016-11-01,CPIAUCSL,CPI,242.026
2016-12-01,CPIAUCSL,CPI,242.637
2017-01-01,CPIAUCSL,CPI,243.618
2017-02-01,CPIAUCSL,CPI,244.006
2017-03-01,CPIAUCSL,CPI,243.892
2017-04-01,CPIAUCSL,CPI,244.193
2017-05-01,CPIAUCSL,CPI,244.004
2017-06-01,CPIAUCSL,CPI,244.163
2017-07-01,CPIAUCSL,CPI,244.243
2017-08-01,CPIAUCSL,CPI,245.183
2017-09-01,CPIAUCSL,CPI,246.435
2017-10-01,CPIAUCSL,CPI,246.626
2017-11-01,CPIAUCSL,CPI,247.284
2017-12-01,CPIAUCSL,CPI,247.805
2018-01-01,CPIAUCSL,CPI,248.859
2018-02-01,CPIAUCSL,CPI,249.529
2018-03-01,CPIAUCSL,CPI,249.577
2018-04-01,CPIAUCSL,CPI,250.227
2018-05-01,CPIAUCSL,CPI,250.792
2018-06-01,CPIAUCSL,CPI,251.018
2018-07-01,CPIAUCSL,CPI,251.214
2018-08-01,CPIAUCSL,CPI,251.663
2018-09-01,CPIAUCSL,CPI,252.182
2018-10-01,CPIAUCSL,CPI,252.772
2018-11-01,CPIAUCSL,CPI,252.594
2018-12-01,CPIAUCSL,CPI,252.767
2019-01-01,CPIAUCSL,CPI,252.561
2019-02-01,CPIAUCSL,CPI,253.319
2019-03-01,CPIAUCSL,CPI,254.277
2019-04-01,CPIAUCSL,CPI,255.233
2019-05-01,CPIAUCSL,CPI,255.296
2019-06-01,CPIAUCSL,CPI,255.213
2019-07-01,CPIAUCSL,CPI,255.802
2019-08-01,CPIAUCSL,CPI,256.036
2019-09-01,CPIAUCSL,CPI,256.43
2019-10-01,CPIAUCSL,CPI,257.155
2019-11-01,CPIAUCSL,CPI,257.879
2019-12-01,CPIAUCSL,CPI,258.63
2020-01-01,CPIAUCSL,CPI,259.127
2020-02-01,CPIAUCSL,CPI,259.25
2020-03-01,CPIAUCSL,CPI,258.076
2020-04-01,CPIAUCSL,CPI,256.032
2020-05-01,CPIAUCSL,CPI,255.802
2020-06-01,CPIAUCSL,CPI,257.042
2020-07-01,CPIAUCSL,CPI,258.352
2020-08-01,CPIAUCSL,CPI,259.316
2020-09-01,CPIAUCSL,CPI,259.997
2020-10-01,CPIAUCSL,CPI,260.319
2020-11-01,CPIAUCSL,CPI,260.911
2020-12-01,CPIAUCSL,CPI,262.045
2021-01-01,CPIAUCSL,CPI,262.687
2021-02-01,CPIAUCSL,CPI,263.579
2021-03-01,CPIAUCSL,CPI,264.961
2021-04-01,CPIAUCSL,CPI,266.614
2021-05-01,CPIAUCSL,CPI,268.383
2021-06-01,CPIAUCSL,CPI,270.654
2021-07-01,CPIAUCSL,CPI,271.903
2021-08-01,CPIAUCSL,CPI,272.676
2021-09-01,CPIAUCSL,CPI,273.91
2021-10-01,CPIAUCSL,CPI,276.55
2021-11-01,CPIAUCSL,CPI,278.919
2021-12-01,CPIAUCSL,CPI,280.845
2022-01-01,CPIAUCSL,CPI,282.543
2022-02-01,CPIAUCSL,CPI,284.5
2022-03-01,CPIAUCSL,CPI,287.674
2022-04-01,CPIAUCSL,CPI,288.561
2022-05-01,CPIAUCSL,CPI,291.298
2022-06-01,CPIAUCSL,CPI,294.957
2022-07-01,CPIAUCSL,CPI,294.913
2022-08-01,CPIAUCSL,CPI,295.097
2022-09-01,CPIAUCSL,CPI,296.349
2022-10-01,CPIAUCSL,CPI,298.007
2022-11-01,CPIAUCSL,CPI,298.786
2022-12-01,CPIAUCSL,CPI,298.832
2023-01-01,CPIAUCSL,CPI,300.42
2023-02-01,CPIAUCSL,CPI,301.45
2023-03-01,CPIAUCSL,CPI,301.821
2023-04-01,CPIAUCSL,CPI,302.845
2023-05-01,CPIAUCSL,CPI,303.334
2023-06-01,CPIAUCSL,CPI,304.014
2023-07-01,CPIAUCSL,CPI,304.609
2023-08-01,CPIAUCSL,CPI,306.082
2023-09-01,CPIAUCSL,CPI,307.276
2023-10-01,CPIAUCSL,CPI,307.696
2023-11-01,CPIAUCSL,CPI,308.148
2023-12-01,CPIAUCSL,CPI,308.741
2024-01-01,CPIAUCSL,CPI,309.698
2024-02-01,CPIAUCSL,CPI,310.967
2024-03-01,CPIAUCSL,CPI,312.345
2024-04-01,CPIAUCSL,CPI,313.023
2024-05-01,CPIAUCSL,CPI,313.175
2024-06-01,CPIAUCSL,CPI,313.044
2024-07-01,CPIAUCSL,CPI,313.569
2024-08-01,CPIAUCSL,CPI,314.062
2024-09-01,CPIAUCSL,CPI,314.732
2024-10-01,CPIAUCSL,CPI,315.631
2024-11-01,CPIAUCSL,CPI,316.528
2024-12-01,CPIAUCSL,CPI,317.604
2025-01-01,CPIAUCSL,CPI,318.961
2025-02-01,CPIAUCSL,CPI,319.679
2025-03-01,CPIAUCSL,CPI,319.785
2025-04-01,CPIAUCSL,CPI,320.302
2025-05-01,CPIAUCSL,CPI,320.62
2025-06-01,CPIAUCSL,CPI,321.435
2025-07-01,CPIAUCSL,CPI,322.169
2025-08-01,CPIAUCSL,CPI,323.291
2025-09-01,CPIAUCSL,CPI,324.245
2025-10-01,CPIAUCSL,CPI,
2025-11-01,CPIAUCSL,CPI,325.063
2025-12-01,CPIAUCSL,CPI,326.031
2026-01-01,CPIAUCSL,CPI,326.588
2026-02-01,CPIAUCSL,CPI,327.46
2026-03-01,CPIAUCSL,CPI,330.293
2006-01-01,CPILFESL,Core_CPI,203.2
2006-02-01,CPILFESL,Core_CPI,203.6
2006-03-01,CPILFESL,Core_CPI,204.3
2006-04-01,CPILFESL,Core_CPI,204.8
2006-05-01,CPILFESL,Core_CPI,205.4
2006-06-01,CPILFESL,Core_CPI,205.9
2006-07-01,CPILFESL,Core_CPI,206.3
2006-08-01,CPILFESL,Core_CPI,206.8
2006-09-01,CPILFESL,Core_CPI,207.2
2006-10-01,CPILFESL,Core_CPI,207.6
2006-11-01,CPILFESL,Core_CPI,207.8
2006-12-01,CPILFESL,Core_CPI,208.1
2007-01-01,CPILFESL,Core_CPI,208.6
2007-02-01,CPILFESL,Core_CPI,209.135
2007-03-01,CPILFESL,Core_CPI,209.418
2007-04-01,CPILFESL,Core_CPI,209.747
2007-05-01,CPILFESL,Core_CPI,210.058
2007-06-01,CPILFESL,Core_CPI,210.392
2007-07-01,CPILFESL,Core_CPI,210.773
2007-08-01,CPILFESL,Core_CPI,211.119
2007-09-01,CPILFESL,Core_CPI,211.554
2007-10-01,CPILFESL,Core_CPI,212.077
2007-11-01,CPILFESL,Core_CPI,212.66
2007-12-01,CPILFESL,Core_CPI,213.168
2008-01-01,CPILFESL,Core_CPI,213.771
2008-02-01,CPILFESL,Core_CPI,213.939
2008-03-01,CPILFESL,Core_CPI,214.42
2008-04-01,CPILFESL,Core_CPI,214.56
2008-05-01,CPILFESL,Core_CPI,214.936
2008-06-01,CPILFESL,Core_CPI,215.424
2008-07-01,CPILFESL,Core_CPI,215.965
2008-08-01,CPILFESL,Core_CPI,216.393
2008-09-01,CPILFESL,Core_CPI,216.713
2008-10-01,CPILFESL,Core_CPI,216.788
2008-11-01,CPILFESL,Core_CPI,216.947
2008-12-01,CPILFESL,Core_CPI,216.925
2009-01-01,CPILFESL,Core_CPI,217.346
2009-02-01,CPILFESL,Core_CPI,217.792
2009-03-01,CPILFESL,Core_CPI,218.253
2009-04-01,CPILFESL,Core_CPI,218.706
2009-05-01,CPILFESL,Core_CPI,218.904
2009-06-01,CPILFESL,Core_CPI,219.112
2009-07-01,CPILFESL,Core_CPI,219.263
2009-08-01,CPILFESL,Core_CPI,219.496
2009-09-01,CPILFESL,Core_CPI,219.92
2009-10-01,CPILFESL,Core_CPI,220.501
2009-11-01,CPILFESL,Core_CPI,220.666
2009-12-01,CPILFESL,Core_CPI,220.881
2010-01-01,CPILFESL,Core_CPI,220.633
2010-02-01,CPILFESL,Core_CPI,220.731
2010-03-01,CPILFESL,Core_CPI,220.783
2010-04-01,CPILFESL,Core_CPI,220.822
2010-05-01,CPILFESL,Core_CPI,220.962
2010-06-01,CPILFESL,Core_CPI,221.194
2010-07-01,CPILFESL,Core_CPI,221.363
2010-08-01,CPILFESL,Core_CPI,221.509
2010-09-01,CPILFESL,Core_CPI,221.711
2010-10-01,CPILFESL,Core_CPI,221.83
2010-11-01,CPILFESL,Core_CPI,222.149
2010-12-01,CPILFESL,Core_CPI,222.343
2011-01-01,CPILFESL,Core_CPI,222.803
2011-02-01,CPILFESL,Core_CPI,223.213
2011-03-01,CPILFESL,Core_CPI,223.454
2011-04-01,CPILFESL,Core_CPI,223.727
2011-05-01,CPILFESL,Core_CPI,224.175
2011-06-01,CPILFESL,Core_CPI,224.697
2011-07-01,CPILFESL,Core_CPI,225.218
2011-08-01,CPILFESL,Core_CPI,225.862
2011-09-01,CPILFESL,Core_CPI,226.118
2011-10-01,CPILFESL,Core_CPI,226.506
2011-11-01,CPILFESL,Core_CPI,226.899
2011-12-01,CPILFESL,Core_CPI,227.405
2012-01-01,CPILFESL,Core_CPI,227.877
2012-02-01,CPILFESL,Core_CPI,228.034
2012-03-01,CPILFESL,Core_CPI,228.478
2012-04-01,CPILFESL,Core_CPI,228.905
2012-05-01,CPILFESL,Core_CPI,229.224
2012-06-01,CPILFESL,Core_CPI,229.623
2012-07-01,CPILFESL,Core_CPI,229.97
2012-08-01,CPILFESL,Core_CPI,230.233
2012-09-01,CPILFESL,Core_CPI,230.659
2012-10-01,CPILFESL,Core_CPI,231.024
2012-11-01,CPILFESL,Core_CPI,231.33
2012-12-01,CPILFESL,Core_CPI,231.725
2013-01-01,CPILFESL,Core_CPI,232.229
2013-02-01,CPILFESL,Core_CPI,232.569
2013-03-01,CPILFESL,Core_CPI,232.794
2013-04-01,CPILFESL,Core_CPI,232.832
2013-05-01,CPILFESL,Core_CPI,232.996
2013-06-01,CPILFESL,Core_CPI,233.35
2013-07-01,CPILFESL,Core_CPI,233.88
2013-08-01,CPILFESL,Core_CPI,234.336
2013-09-01,CPILFESL,Core_CPI,234.7
2013-10-01,CPILFESL,Core_CPI,234.921
2013-11-01,CPILFESL,Core_CPI,235.359
2013-12-01,CPILFESL,Core_CPI,235.759
2014-01-01,CPILFESL,Core_CPI,235.961
2014-02-01,CPILFESL,Core_CPI,236.185
2014-03-01,CPILFESL,Core_CPI,236.625
2014-04-01,CPILFESL,Core_CPI,237.072
2014-05-01,CPILFESL,Core_CPI,237.529
2014-06-01,CPILFESL,Core_CPI,237.837
2014-07-01,CPILFESL,Core_CPI,238.195
2014-08-01,CPILFESL,Core_CPI,238.405
2014-09-01,CPILFESL,Core_CPI,238.786
2014-10-01,CPILFESL,Core_CPI,239.191
2014-11-01,CPILFESL,Core_CPI,239.458
2014-12-01,CPILFESL,Core_CPI,239.584
2015-01-01,CPILFESL,Core_CPI,239.811
2015-02-01,CPILFESL,Core_CPI,240.172
2015-03-01,CPILFESL,Core_CPI,240.755
2015-04-01,CPILFESL,Core_CPI,241.346
2015-05-01,CPILFESL,Core_CPI,241.688
2015-06-01,CPILFESL,Core_CPI,242.064
2015-07-01,CPILFESL,Core_CPI,242.565
2015-08-01,CPILFESL,Core_CPI,242.817
2015-09-01,CPILFESL,Core_CPI,243.316
2015-10-01,CPILFESL,Core_CPI,243.768
2015-11-01,CPILFESL,Core_CPI,244.241
2015-12-01,CPILFESL,Core_CPI,244.547
2016-01-01,CPILFESL,Core_CPI,244.955
2016-02-01,CPILFESL,Core_CPI,245.51
2016-03-01,CPILFESL,Core_CPI,245.913
2016-04-01,CPILFESL,Core_CPI,246.551
2016-05-01,CPILFESL,Core_CPI,247.137
2016-06-01,CPILFESL,Core_CPI,247.54
2016-07-01,CPILFESL,Core_CPI,247.829
2016-08-01,CPILFESL,Core_CPI,248.423
2016-09-01,CPILFESL,Core_CPI,248.842
2016-10-01,CPILFESL,Core_CPI,249.142
2016-11-01,CPILFESL,Core_CPI,249.481
2016-12-01,CPILFESL,Core_CPI,249.92
2017-01-01,CPILFESL,Core_CPI,250.467
2017-02-01,CPILFESL,Core_CPI,250.998
2017-03-01,CPILFESL,Core_CPI,250.944
2017-04-01,CPILFESL,Core_CPI,251.227
2017-05-01,CPILFESL,Core_CPI,251.43
2017-06-01,CPILFESL,Core_CPI,251.746
2017-07-01,CPILFESL,Core_CPI,251.985
2017-08-01,CPILFESL,Core_CPI,252.535
2017-09-01,CPILFESL,Core_CPI,252.812
2017-10-01,CPILFESL,Core_CPI,253.526
2017-11-01,CPILFESL,Core_CPI,253.816
2017-12-01,CPILFESL,Core_CPI,254.344
2018-01-01,CPILFESL,Core_CPI,255.204
2018-02-01,CPILFESL,Core_CPI,255.711
2018-03-01,CPILFESL,Core_CPI,256.271
2018-04-01,CPILFESL,Core_CPI,256.63
2018-05-01,CPILFESL,Core_CPI,257.145
2018-06-01,CPILFESL,Core_CPI,257.399
2018-07-01,CPILFESL,Core_CPI,257.699
2018-08-01,CPILFESL,Core_CPI,257.891
2018-09-01,CPILFESL,Core_CPI,258.368
2018-10-01,CPILFESL,Core_CPI,258.917
2018-11-01,CPILFESL,Core_CPI,259.439
2018-12-01,CPILFESL,Core_CPI,260.063
2019-01-01,CPILFESL,Core_CPI,260.766
2019-02-01,CPILFESL,Core_CPI,261.186
2019-03-01,CPILFESL,Core_CPI,261.567
2019-04-01,CPILFESL,Core_CPI,261.997
2019-05-01,CPILFESL,Core_CPI,262.217
2019-06-01,CPILFESL,Core_CPI,262.739
2019-07-01,CPILFESL,Core_CPI,263.28
2019-08-01,CPILFESL,Core_CPI,263.877
2019-09-01,CPILFESL,Core_CPI,264.388
2019-10-01,CPILFESL,Core_CPI,264.97
2019-11-01,CPILFESL,Core_CPI,265.548
2019-12-01,CPILFESL,Core_CPI,266.02
2020-01-01,CPILFESL,Core_CPI,266.716
2020-02-01,CPILFESL,Core_CPI,267.37
2020-03-01,CPILFESL,Core_CPI,267.054
2020-04-01,CPILFESL,Core_CPI,265.746
2020-05-01,CPILFESL,Core_CPI,265.412
2020-06-01,CPILFESL,Core_CPI,265.849
2020-07-01,CPILFESL,Core_CPI,267.389
2020-08-01,CPILFESL,Core_CPI,268.422
2020-09-01,CPILFESL,Core_CPI,268.933
2020-10-01,CPILFESL,Core_CPI,269.306
2020-11-01,CPILFESL,Core_CPI,269.981
2020-12-01,CPILFESL,Core_CPI,270.341
2021-01-01,CPILFESL,Core_CPI,270.387
2021-02-01,CPILFESL,Core_CPI,270.793
2021-03-01,CPILFESL,Core_CPI,271.459
2021-04-01,CPILFESL,Core_CPI,273.66
2021-05-01,CPILFESL,Core_CPI,275.465
2021-06-01,CPILFESL,Core_CPI,277.651
2021-07-01,CPILFESL,Core_CPI,278.648
2021-08-01,CPILFESL,Core_CPI,278.997
2021-09-01,CPILFESL,Core_CPI,279.698
2021-10-01,CPILFESL,Core_CPI,281.668
2021-11-01,CPILFESL,Core_CPI,283.406
2021-12-01,CPILFESL,Core_CPI,285.18
2022-01-01,CPILFESL,Core_CPI,286.757
2022-02-01,CPILFESL,Core_CPI,288.273
2022-03-01,CPILFESL,Core_CPI,289.056
2022-04-01,CPILFESL,Core_CPI,290.514
2022-05-01,CPILFESL,Core_CPI,292.063
2022-06-01,CPILFESL,Core_CPI,294.05
2022-07-01,CPILFESL,Core_CPI,295.088
2022-08-01,CPILFESL,Core_CPI,296.535
2022-09-01,CPILFESL,Core_CPI,298.226
2022-10-01,CPILFESL,Core_CPI,299.399
2022-11-01,CPILFESL,Core_CPI,300.325
2022-12-01,CPILFESL,Core_CPI,301.394
2023-01-01,CPILFESL,Core_CPI,302.642
2023-02-01,CPILFESL,Core_CPI,304.123
2023-03-01,CPILFESL,Core_CPI,305.147
2023-04-01,CPILFESL,Core_CPI,306.534
2023-05-01,CPILFESL,Core_CPI,307.652
2023-06-01,CPILFESL,Core_CPI,308.322
2023-07-01,CPILFESL,Core_CPI,308.96
2023-08-01,CPILFESL,Core_CPI,309.58
2023-09-01,CPILFESL,Core_CPI,310.539
2023-10-01,CPILFESL,Core_CPI,311.457
2023-11-01,CPILFESL,Core_CPI,312.392
2023-12-01,CPILFESL,Core_CPI,313.195
2024-01-01,CPILFESL,Core_CPI,314.319
2024-02-01,CPILFESL,Core_CPI,315.564
2024-03-01,CPILFESL,Core_CPI,316.792
2024-04-01,CPILFESL,Core_CPI,317.649
2024-05-01,CPILFESL,Core_CPI,318.095
2024-06-01,CPILFESL,Core_CPI,318.39
2024-07-01,CPILFESL,Core_CPI,318.94
2024-08-01,CPILFESL,Core_CPI,319.75
2024-09-01,CPILFESL,Core_CPI,320.732
2024-10-01,CPILFESL,Core_CPI,321.731
2024-11-01,CPILFESL,Core_CPI,322.657
2024-12-01,CPILFESL,Core_CPI,323.259
2025-01-01,CPILFESL,Core_CPI,324.638
2025-02-01,CPILFESL,Core_CPI,325.465
2025-03-01,CPILFESL,Core_CPI,325.69
2025-04-01,CPILFESL,Core_CPI,326.467
2025-05-01,CPILFESL,Core_CPI,326.893
2025-06-01,CPILFESL,Core_CPI,327.658
2025-07-01,CPILFESL,Core_CPI,328.682
2025-08-01,CPILFESL,Core_CPI,329.7
2025-09-01,CPILFESL,Core_CPI,330.418
2025-10-01,CPILFESL,Core_CPI,
2025-11-01,CPILFESL,Core_CPI,331.043
2025-12-01,CPILFESL,Core_CPI,331.814
2026-01-01,CPILFESL,Core_CPI,332.793
2026-02-01,CPILFESL,Core_CPI,333.512
2026-03-01,CPILFESL,Core_CPI,334.165
2006-01-01,A191RO1Q156NBEA,GDP_YoY_Pct,3.2
2006-04-01,A191RO1Q156NBEA,GDP_YoY_Pct,3.0
2006-07-01,A191RO1Q156NBEA,GDP_YoY_Pct,2.3
2006-10-01,A191RO1Q156NBEA,GDP_YoY_Pct,2.6
2007-01-01,A191RO1Q156NBEA,GDP_YoY_Pct,1.6
2007-04-01,A191RO1Q156NBEA,GDP_YoY_Pct,1.9
2007-07-01,A191RO1Q156NBEA,GDP_YoY_Pct,2.4
2007-10-01,A191RO1Q156NBEA,GDP_YoY_Pct,2.1
2008-01-01,A191RO1Q156NBEA,GDP_YoY_Pct,1.4
2008-04-01,A191RO1Q156NBEA,GDP_YoY_Pct,1.4
2008-07-01,A191RO1Q156NBEA,GDP_YoY_Pct,0.3
2008-10-01,A191RO1Q156NBEA,GDP_YoY_Pct,-2.5
2009-01-01,A191RO1Q156NBEA,GDP_YoY_Pct,-3.2
2009-04-01,A191RO1Q156NBEA,GDP_YoY_Pct,-4.0
2009-07-01,A191RO1Q156NBEA,GDP_YoY_Pct,-3.1
2009-10-01,A191RO1Q156NBEA,GDP_YoY_Pct,0.1
2010-01-01,A191RO1Q156NBEA,GDP_YoY_Pct,1.7
2010-04-01,A191RO1Q156NBEA,GDP_YoY_Pct,2.9
2010-07-01,A191RO1Q156NBEA,GDP_YoY_Pct,3.3
2010-10-01,A191RO1Q156NBEA,GDP_YoY_Pct,2.8
2011-01-01,A191RO1Q156NBEA,GDP_YoY_Pct,2.0
2011-04-01,A191RO1Q156NBEA,GDP_YoY_Pct,1.7
2011-07-01,A191RO1Q156NBEA,GDP_YoY_Pct,0.9
2011-10-01,A191RO1Q156NBEA,GDP_YoY_Pct,1.5
2012-01-01,A191RO1Q156NBEA,GDP_YoY_Pct,2.6
2012-04-01,A191RO1Q156NBEA,GDP_YoY_Pct,2.4
2012-07-01,A191RO1Q156NBEA,GDP_YoY_Pct,2.6
2012-10-01,A191RO1Q156NBEA,GDP_YoY_Pct,1.6
2013-01-01,A191RO1Q156NBEA,GDP_YoY_Pct,1.7
2013-04-01,A191RO1Q156NBEA,GDP_YoY_Pct,1.5
2013-07-01,A191RO1Q156NBEA,GDP_YoY_Pct,2.2
2013-10-01,A191RO1Q156NBEA,GDP_YoY_Pct,3.0
2014-01-01,A191RO1Q156NBEA,GDP_YoY_Pct,1.7
2014-04-01,A191RO1Q156NBEA,GDP_YoY_Pct,2.7
2014-07-01,A191RO1Q156NBEA,GDP_YoY_Pct,3.1
2014-10-01,A191RO1Q156NBEA,GDP_YoY_Pct,2.7
2015-01-01,A191RO1Q156NBEA,GDP_YoY_Pct,4.0
2015-04-01,A191RO1Q156NBEA,GDP_YoY_Pct,3.3
2015-07-01,A191RO1Q156NBEA,GDP_YoY_Pct,2.4
2015-10-01,A191RO1Q156NBEA,GDP_YoY_Pct,2.1
2016-01-01,A191RO1Q156NBEA,GDP_YoY_Pct,1.8
2016-04-01,A191RO1Q156NBEA,GDP_YoY_Pct,1.5
2016-07-01,A191RO1Q156NBEA,GDP_YoY_Pct,1.8
2016-10-01,A191RO1Q156NBEA,GDP_YoY_Pct,2.2
2017-01-01,A191RO1Q156NBEA,GDP_YoY_Pct,2.1
2017-04-01,A191RO1Q156NBEA,GDP_YoY_Pct,2.3
2017-07-01,A191RO1Q156NBEA,GDP_YoY_Pct,2.4
2017-10-01,A191RO1Q156NBEA,GDP_YoY_Pct,3.0
2018-01-01,A191RO1Q156NBEA,GDP_YoY_Pct,3.3
2018-04-01,A191RO1Q156NBEA,GDP_YoY_Pct,3.3
2018-07-01,A191RO1Q156NBEA,GDP_YoY_Pct,3.1
2018-10-01,A191RO1Q156NBEA,GDP_YoY_Pct,2.1
2019-01-01,A191RO1Q156NBEA,GDP_YoY_Pct,1.9
2019-04-01,A191RO1Q156NBEA,GDP_YoY_Pct,2.2
2019-07-01,A191RO1Q156NBEA,GDP_YoY_Pct,2.8
2019-10-01,A191RO1Q156NBEA,GDP_YoY_Pct,3.4
2020-01-01,A191RO1Q156NBEA,GDP_YoY_Pct,1.4
2020-04-01,A191RO1Q156NBEA,GDP_YoY_Pct,-7.4
2020-07-01,A191RO1Q156NBEA,GDP_YoY_Pct,-1.4
2020-10-01,A191RO1Q156NBEA,GDP_YoY_Pct,-0.9
2021-01-01,A191RO1Q156NBEA,GDP_YoY_Pct,1.8
2021-04-01,A191RO1Q156NBEA,GDP_YoY_Pct,12.4
2021-07-01,A191RO1Q156NBEA,GDP_YoY_Pct,5.2
2021-10-01,A191RO1Q156NBEA,GDP_YoY_Pct,5.8
2022-01-01,A191RO1Q156NBEA,GDP_YoY_Pct,4.0
2022-04-01,A191RO1Q156NBEA,GDP_YoY_Pct,2.5
2022-07-01,A191RO1Q156NBEA,GDP_YoY_Pct,2.3
2022-10-01,A191RO1Q156NBEA,GDP_YoY_Pct,1.3
2023-01-01,A191RO1Q156NBEA,GDP_YoY_Pct,2.3
2023-04-01,A191RO1Q156NBEA,GDP_YoY_Pct,2.8
2023-07-01,A191RO1Q156NBEA,GDP_YoY_Pct,3.2
2023-10-01,A191RO1Q156NBEA,GDP_YoY_Pct,3.4
2024-01-01,A191RO1Q156NBEA,GDP_YoY_Pct,2.9
2024-04-01,A191RO1Q156NBEA,GDP_YoY_Pct,3.1
2024-07-01,A191RO1Q156NBEA,GDP_YoY_Pct,2.8
2024-10-01,A191RO1Q156NBEA,GDP_YoY_Pct,2.4
2025-01-01,A191RO1Q156NBEA,GDP_YoY_Pct,2.0
2025-04-01,A191RO1Q156NBEA,GDP_YoY_Pct,2.1
2025-07-01,A191RO1Q156NBEA,GDP_YoY_Pct,2.3
2025-10-01,A191RO1Q156NBEA,GDP_YoY_Pct,2.0
2006-01-01,UNRATE,Unemployment_Rate,4.7
2006-02-01,UNRATE,Unemployment_Rate,4.8
2006-03-01,UNRATE,Unemployment_Rate,4.7
2006-04-01,UNRATE,Unemployment_Rate,4.7
2006-05-01,UNRATE,Unemployment_Rate,4.6
2006-06-01,UNRATE,Unemployment_Rate,4.6
2006-07-01,UNRATE,Unemployment_Rate,4.7
2006-08-01,UNRATE,Unemployment_Rate,4.7
2006-09-01,UNRATE,Unemployment_Rate,4.5
2006-10-01,UNRATE,Unemployment_Rate,4.4
2006-11-01,UNRATE,Unemployment_Rate,4.5
2006-12-01,UNRATE,Unemployment_Rate,4.4
2007-01-01,UNRATE,Unemployment_Rate,4.6
2007-02-01,UNRATE,Unemployment_Rate,4.5
2007-03-01,UNRATE,Unemployment_Rate,4.4
2007-04-01,UNRATE,Unemployment_Rate,4.5
2007-05-01,UNRATE,Unemployment_Rate,4.4
2007-06-01,UNRATE,Unemployment_Rate,4.6
2007-07-01,UNRATE,Unemployment_Rate,4.7
2007-08-01,UNRATE,Unemployment_Rate,4.6
2007-09-01,UNRATE,Unemployment_Rate,4.7
2007-10-01,UNRATE,Unemployment_Rate,4.7
2007-11-01,UNRATE,Unemployment_Rate,4.7
2007-12-01,UNRATE,Unemployment_Rate,5.0
2008-01-01,UNRATE,Unemployment_Rate,5.0
2008-02-01,UNRATE,Unemployment_Rate,4.9
2008-03-01,UNRATE,Unemployment_Rate,5.1
2008-04-01,UNRATE,Unemployment_Rate,5.0
2008-05-01,UNRATE,Unemployment_Rate,5.4
2008-06-01,UNRATE,Unemployment_Rate,5.6
2008-07-01,UNRATE,Unemployment_Rate,5.8
2008-08-01,UNRATE,Unemployment_Rate,6.1
2008-09-01,UNRATE,Unemployment_Rate,6.1
2008-10-01,UNRATE,Unemployment_Rate,6.5
2008-11-01,UNRATE,Unemployment_Rate,6.8
2008-12-01,UNRATE,Unemployment_Rate,7.3
2009-01-01,UNRATE,Unemployment_Rate,7.8
2009-02-01,UNRATE,Unemployment_Rate,8.3
2009-03-01,UNRATE,Unemployment_Rate,8.7
2009-04-01,UNRATE,Unemployment_Rate,9.0
2009-05-01,UNRATE,Unemployment_Rate,9.4
2009-06-01,UNRATE,Unemployment_Rate,9.5
2009-07-01,UNRATE,Unemployment_Rate,9.5
2009-08-01,UNRATE,Unemployment_Rate,9.6
2009-09-01,UNRATE,Unemployment_Rate,9.8
2009-10-01,UNRATE,Unemployment_Rate,10.0
2009-11-01,UNRATE,Unemployment_Rate,9.9
2009-12-01,UNRATE,Unemployment_Rate,9.9
2010-01-01,UNRATE,Unemployment_Rate,9.8
2010-02-01,UNRATE,Unemployment_Rate,9.8
2010-03-01,UNRATE,Unemployment_Rate,9.9
2010-04-01,UNRATE,Unemployment_Rate,9.9
2010-05-01,UNRATE,Unemployment_Rate,9.6
2010-06-01,UNRATE,Unemployment_Rate,9.4
2010-07-01,UNRATE,Unemployment_Rate,9.4
2010-08-01,UNRATE,Unemployment_Rate,9.5
2010-09-01,UNRATE,Unemployment_Rate,9.5
2010-10-01,UNRATE,Unemployment_Rate,9.4
2010-11-01,UNRATE,Unemployment_Rate,9.8
2010-12-01,UNRATE,Unemployment_Rate,9.3
2011-01-01,UNRATE,Unemployment_Rate,9.1
2011-02-01,UNRATE,Unemployment_Rate,9.0
2011-03-01,UNRATE,Unemployment_Rate,9.0
2011-04-01,UNRATE,Unemployment_Rate,9.1
2011-05-01,UNRATE,Unemployment_Rate,9.0
2011-06-01,UNRATE,Unemployment_Rate,9.1
2011-07-01,UNRATE,Unemployment_Rate,9.0
2011-08-01,UNRATE,Unemployment_Rate,9.0
2011-09-01,UNRATE,Unemployment_Rate,9.0
2011-10-01,UNRATE,Unemployment_Rate,8.8
2011-11-01,UNRATE,Unemployment_Rate,8.6
2011-12-01,UNRATE,Unemployment_Rate,8.5
2012-01-01,UNRATE,Unemployment_Rate,8.3
2012-02-01,UNRATE,Unemployment_Rate,8.3
2012-03-01,UNRATE,Unemployment_Rate,8.2
2012-04-01,UNRATE,Unemployment_Rate,8.2
2012-05-01,UNRATE,Unemployment_Rate,8.2
2012-06-01,UNRATE,Unemployment_Rate,8.2
2012-07-01,UNRATE,Unemployment_Rate,8.2
2012-08-01,UNRATE,Unemployment_Rate,8.1
2012-09-01,UNRATE,Unemployment_Rate,7.8
2012-10-01,UNRATE,Unemployment_Rate,7.8
2012-11-01,UNRATE,Unemployment_Rate,7.7
2012-12-01,UNRATE,Unemployment_Rate,7.9
2013-01-01,UNRATE,Unemployment_Rate,8.0
2013-02-01,UNRATE,Unemployment_Rate,7.7
2013-03-01,UNRATE,Unemployment_Rate,7.5
2013-04-01,UNRATE,Unemployment_Rate,7.6
2013-05-01,UNRATE,Unemployment_Rate,7.5
2013-06-01,UNRATE,Unemployment_Rate,7.5
2013-07-01,UNRATE,Unemployment_Rate,7.3
2013-08-01,UNRATE,Unemployment_Rate,7.2
2013-09-01,UNRATE,Unemployment_Rate,7.2
2013-10-01,UNRATE,Unemployment_Rate,7.2
2013-11-01,UNRATE,Unemployment_Rate,6.9
2013-12-01,UNRATE,Unemployment_Rate,6.7
2014-01-01,UNRATE,Unemployment_Rate,6.6
2014-02-01,UNRATE,Unemployment_Rate,6.7
2014-03-01,UNRATE,Unemployment_Rate,6.7
2014-04-01,UNRATE,Unemployment_Rate,6.2
2014-05-01,UNRATE,Unemployment_Rate,6.3
2014-06-01,UNRATE,Unemployment_Rate,6.1
2014-07-01,UNRATE,Unemployment_Rate,6.2
2014-08-01,UNRATE,Unemployment_Rate,6.1
2014-09-01,UNRATE,Unemployment_Rate,5.9
2014-10-01,UNRATE,Unemployment_Rate,5.7
2014-11-01,UNRATE,Unemployment_Rate,5.8
2014-12-01,UNRATE,Unemployment_Rate,5.6
2015-01-01,UNRATE,Unemployment_Rate,5.7
2015-02-01,UNRATE,Unemployment_Rate,5.5
2015-03-01,UNRATE,Unemployment_Rate,5.4
2015-04-01,UNRATE,Unemployment_Rate,5.4
2015-05-01,UNRATE,Unemployment_Rate,5.6
2015-06-01,UNRATE,Unemployment_Rate,5.3
2015-07-01,UNRATE,Unemployment_Rate,5.2
2015-08-01,UNRATE,Unemployment_Rate,5.1
2015-09-01,UNRATE,Unemployment_Rate,5.0
2015-10-01,UNRATE,Unemployment_Rate,5.0
2015-11-01,UNRATE,Unemployment_Rate,5.1
2015-12-01,UNRATE,Unemployment_Rate,5.0
2016-01-01,UNRATE,Unemployment_Rate,4.8
2016-02-01,UNRATE,Unemployment_Rate,4.9
2016-03-01,UNRATE,Unemployment_Rate,5.0
2016-04-01,UNRATE,Unemployment_Rate,5.1
2016-05-01,UNRATE,Unemployment_Rate,4.8
2016-06-01,UNRATE,Unemployment_Rate,4.9
2016-07-01,UNRATE,Unemployment_Rate,4.8
2016-08-01,UNRATE,Unemployment_Rate,4.9
2016-09-01,UNRATE,Unemployment_Rate,5.0
2016-10-01,UNRATE,Unemployment_Rate,4.9
2016-11-01,UNRATE,Unemployment_Rate,4.7
2016-12-01,UNRATE,Unemployment_Rate,4.7
2017-01-01,UNRATE,Unemployment_Rate,4.7
2017-02-01,UNRATE,Unemployment_Rate,4.6
2017-03-01,UNRATE,Unemployment_Rate,4.4
2017-04-01,UNRATE,Unemployment_Rate,4.4
2017-05-01,UNRATE,Unemployment_Rate,4.4
2017-06-01,UNRATE,Unemployment_Rate,4.3
2017-07-01,UNRATE,Unemployment_Rate,4.3
2017-08-01,UNRATE,Unemployment_Rate,4.4
2017-09-01,UNRATE,Unemployment_Rate,4.3
2017-10-01,UNRATE,Unemployment_Rate,4.2
2017-11-01,UNRATE,Unemployment_Rate,4.2
2017-12-01,UNRATE,Unemployment_Rate,4.1
2018-01-01,UNRATE,Unemployment_Rate,4.0
2018-02-01,UNRATE,Unemployment_Rate,4.1
2018-03-01,UNRATE,Unemployment_Rate,4.0
2018-04-01,UNRATE,Unemployment_Rate,4.0
2018-05-01,UNRATE,Unemployment_Rate,3.8
2018-06-01,UNRATE,Unemployment_Rate,4.0
2018-07-01,UNRATE,Unemployment_Rate,3.8
2018-08-01,UNRATE,Unemployment_Rate,3.8
2018-09-01,UNRATE,Unemployment_Rate,3.7
2018-10-01,UNRATE,Unemployment_Rate,3.8
2018-11-01,UNRATE,Unemployment_Rate,3.8
2018-12-01,UNRATE,Unemployment_Rate,3.9
2019-01-01,UNRATE,Unemployment_Rate,4.0
2019-02-01,UNRATE,Unemployment_Rate,3.8
2019-03-01,UNRATE,Unemployment_Rate,3.8
2019-04-01,UNRATE,Unemployment_Rate,3.7
2019-05-01,UNRATE,Unemployment_Rate,3.6
2019-06-01,UNRATE,Unemployment_Rate,3.6
2019-07-01,UNRATE,Unemployment_Rate,3.7
2019-08-01,UNRATE,Unemployment_Rate,3.6
2019-09-01,UNRATE,Unemployment_Rate,3.5
2019-10-01,UNRATE,Unemployment_Rate,3.6
2019-11-01,UNRATE,Unemployment_Rate,3.6
2019-12-01,UNRATE,Unemployment_Rate,3.6
2020-01-01,UNRATE,Unemployment_Rate,3.6
2020-02-01,UNRATE,Unemployment_Rate,3.5
2020-03-01,UNRATE,Unemployment_Rate,4.4
2020-04-01,UNRATE,Unemployment_Rate,14.8
2020-05-01,UNRATE,Unemployment_Rate,13.2
2020-06-01,UNRATE,Unemployment_Rate,11.0
2020-07-01,UNRATE,Unemployment_Rate,10.2
2020-08-01,UNRATE,Unemployment_Rate,8.4
2020-09-01,UNRATE,Unemployment_Rate,7.8
2020-10-01,UNRATE,Unemployment_Rate,6.9
2020-11-01,UNRATE,Unemployment_Rate,6.7
2020-12-01,UNRATE,Unemployment_Rate,6.7
2021-01-01,UNRATE,Unemployment_Rate,6.4
2021-02-01,UNRATE,Unemployment_Rate,6.2
2021-03-01,UNRATE,Unemployment_Rate,6.1
2021-04-01,UNRATE,Unemployment_Rate,6.1
2021-05-01,UNRATE,Unemployment_Rate,5.8
2021-06-01,UNRATE,Unemployment_Rate,5.9
2021-07-01,UNRATE,Unemployment_Rate,5.4
2021-08-01,UNRATE,Unemployment_Rate,5.1
2021-09-01,UNRATE,Unemployment_Rate,4.7
2021-10-01,UNRATE,Unemployment_Rate,4.5
2021-11-01,UNRATE,Unemployment_Rate,4.1
2021-12-01,UNRATE,Unemployment_Rate,3.9
2022-01-01,UNRATE,Unemployment_Rate,4.0
2022-02-01,UNRATE,Unemployment_Rate,3.9
2022-03-01,UNRATE,Unemployment_Rate,3.7
2022-04-01,UNRATE,Unemployment_Rate,3.7
2022-05-01,UNRATE,Unemployment_Rate,3.6
2022-06-01,UNRATE,Unemployment_Rate,3.6
2022-07-01,UNRATE,Unemployment_Rate,3.5
2022-08-01,UNRATE,Unemployment_Rate,3.6
2022-09-01,UNRATE,Unemployment_Rate,3.5
2022-10-01,UNRATE,Unemployment_Rate,3.6
2022-11-01,UNRATE,Unemployment_Rate,3.6
2022-12-01,UNRATE,Unemployment_Rate,3.5
2023-01-01,UNRATE,Unemployment_Rate,3.5
2023-02-01,UNRATE,Unemployment_Rate,3.6
2023-03-01,UNRATE,Unemployment_Rate,3.5
2023-04-01,UNRATE,Unemployment_Rate,3.4
2023-05-01,UNRATE,Unemployment_Rate,3.6
2023-06-01,UNRATE,Unemployment_Rate,3.6
2023-07-01,UNRATE,Unemployment_Rate,3.5
2023-08-01,UNRATE,Unemployment_Rate,3.7
2023-09-01,UNRATE,Unemployment_Rate,3.7
2023-10-01,UNRATE,Unemployment_Rate,3.9
2023-11-01,UNRATE,Unemployment_Rate,3.7
2023-12-01,UNRATE,Unemployment_Rate,3.8
2024-01-01,UNRATE,Unemployment_Rate,3.7
2024-02-01,UNRATE,Unemployment_Rate,3.9
2024-03-01,UNRATE,Unemployment_Rate,3.9
2024-04-01,UNRATE,Unemployment_Rate,3.9
2024-05-01,UNRATE,Unemployment_Rate,3.9
2024-06-01,UNRATE,Unemployment_Rate,4.1
2024-07-01,UNRATE,Unemployment_Rate,4.2
2024-08-01,UNRATE,Unemployment_Rate,4.2
2024-09-01,UNRATE,Unemployment_Rate,4.1
2024-10-01,UNRATE,Unemployment_Rate,4.1
2024-11-01,UNRATE,Unemployment_Rate,4.2
2024-12-01,UNRATE,Unemployment_Rate,4.1
2025-01-01,UNRATE,Unemployment_Rate,4.0
2025-02-01,UNRATE,Unemployment_Rate,4.2
2025-03-01,UNRATE,Unemployment_Rate,4.2
2025-04-01,UNRATE,Unemployment_Rate,4.2
2025-05-01,UNRATE,Unemployment_Rate,4.3
2025-06-01,UNRATE,Unemployment_Rate,4.1
2025-07-01,UNRATE,Unemployment_Rate,4.3
2025-08-01,UNRATE,Unemployment_Rate,4.3
2025-09-01,UNRATE,Unemployment_Rate,4.4
2025-10-01,UNRATE,Unemployment_Rate,
2025-11-01,UNRATE,Unemployment_Rate,4.5
2025-12-01,UNRATE,Unemployment_Rate,4.4
2026-01-01,UNRATE,Unemployment_Rate,4.3
2026-02-01,UNRATE,Unemployment_Rate,4.4
2026-03-01,UNRATE,Unemployment_Rate,4.3
